reviewScore,avgPlaytime,playtimeLength,binReview
71,42.36514031444467,Long,"(62.0, 72.0]"
57,29.65106126155342,Long,"(10.999, 62.0]"
88,12.45259326556514,Long,"(85.0, 88.0]"
76,24.79781729089117,Long,"(72.0, 77.0]"
96,34.25849627863547,Long,"(93.0, 96.0]"
79,95.69781345051696,Long,"(77.0, 81.0]"
81,16.86853054897363,Long,"(77.0, 81.0]"
78,41.418884797624166,Long,"(77.0, 81.0]"
79,27.59707192847936,Long,"(77.0, 81.0]"
95,38.60212424802546,Long,"(93.0, 96.0]"
96,8.485381327666017,Medium,"(93.0, 96.0]"
91,9.389112456991116,Medium,"(88.0, 91.0]"
95,10.434608015373133,Long,"(93.0, 96.0]"
42,8.497439609058835,Medium,"(10.999, 62.0]"
96,17.894843749042394,Long,"(93.0, 96.0]"
68,35.08670209892025,Long,"(62.0, 72.0]"
82,6.477539083793293,Medium,"(81.0, 85.0]"
99,16.307715687349233,Long,"(96.0, 100.0]"
88,5.160077378916766,Medium,"(85.0, 88.0]"
62,11.89782337701754,Long,"(10.999, 62.0]"
90,42.85143977627138,Long,"(88.0, 91.0]"
98,8.5955248244436,Medium,"(96.0, 100.0]"
89,9.479225359641724,Medium,"(88.0, 91.0]"
79,109.91382768034087,Long,"(77.0, 81.0]"
78,47.02791482592875,Long,"(77.0, 81.0]"
95,4.143531272874482,Short,"(93.0, 96.0]"
90,21.69826525906877,Long,"(88.0, 91.0]"
91,37.2041660638596,Long,"(88.0, 91.0]"
96,24.72868457429413,Long,"(93.0, 96.0]"
86,9.09008744972337,Medium,"(85.0, 88.0]"
79,18.46350698089453,Long,"(77.0, 81.0]"
78,24.51989839725174,Long,"(77.0, 81.0]"
97,5.515544910785541,Medium,"(96.0, 100.0]"
90,9.741550826316857,Medium,"(88.0, 91.0]"
93,40.0243065252875,Long,"(91.0, 93.0]"
66,22.803547133217016,Long,"(62.0, 72.0]"
87,22.31599204035413,Long,"(85.0, 88.0]"
95,2.995872787721658,Short,"(93.0, 96.0]"
98,15.649349536238686,Long,"(96.0, 100.0]"
91,8.447204850866648,Medium,"(88.0, 91.0]"
78,11.916997192362892,Long,"(77.0, 81.0]"
87,25.629116385966054,Long,"(85.0, 88.0]"
96,5.095655826350983,Medium,"(93.0, 96.0]"
50,16.10649107133234,Long,"(10.999, 62.0]"
73,8.798469833185573,Medium,"(72.0, 77.0]"
92,4.766068924187017,Medium,"(91.0, 93.0]"
80,6.791463008808835,Medium,"(77.0, 81.0]"
96,3.329619728276769,Short,"(93.0, 96.0]"
86,10.807864513617217,Long,"(85.0, 88.0]"
90,7.258494933109757,Medium,"(88.0, 91.0]"
63,1.582619871033138,Short,"(62.0, 72.0]"
75,36.62029672226122,Long,"(72.0, 77.0]"
93,11.459016872346174,Long,"(91.0, 93.0]"
98,5.427033571710683,Medium,"(96.0, 100.0]"
60,2.503693650275288,Short,"(10.999, 62.0]"
68,2.3648222677036745,Short,"(62.0, 72.0]"
90,11.2397919153104,Long,"(88.0, 91.0]"
78,8.063675087275312,Medium,"(77.0, 81.0]"
71,12.391322087258976,Long,"(62.0, 72.0]"
85,6.484102923591283,Medium,"(81.0, 85.0]"
95,20.865414536197893,Long,"(93.0, 96.0]"
89,13.221277300296627,Long,"(88.0, 91.0]"
75,2.612123877243422,Short,"(72.0, 77.0]"
83,10.221171029632243,Medium,"(81.0, 85.0]"
83,1.1870703784703778,Short,"(81.0, 85.0]"
86,8.278991424104499,Medium,"(85.0, 88.0]"
97,4.033346015712271,Short,"(96.0, 100.0]"
83,4.453969670795021,Medium,"(81.0, 85.0]"
79,189.0570113996993,Long,"(77.0, 81.0]"
49,7.94368062025551,Medium,"(10.999, 62.0]"
91,4.290811596159339,Short,"(88.0, 91.0]"
89,43.736640716411806,Long,"(88.0, 91.0]"
72,6.127524221454782,Medium,"(62.0, 72.0]"
88,3.0902037504824045,Short,"(85.0, 88.0]"
95,4.261561103643061,Short,"(93.0, 96.0]"
84,16.151996485734074,Long,"(81.0, 85.0]"
88,3.399177167134526,Short,"(85.0, 88.0]"
80,18.29526412534356,Long,"(77.0, 81.0]"
84,23.152544840566616,Long,"(81.0, 85.0]"
97,2.4823713745397766,Short,"(96.0, 100.0]"
90,1.763499267186479,Short,"(88.0, 91.0]"
95,8.570352837139355,Medium,"(93.0, 96.0]"
53,7.775502852784427,Medium,"(10.999, 62.0]"
73,3.8115169276491287,Short,"(72.0, 77.0]"
55,11.438980059315815,Long,"(10.999, 62.0]"
75,14.886697995640557,Long,"(72.0, 77.0]"
94,14.334402971391173,Long,"(93.0, 96.0]"
99,28.54435664963007,Long,"(96.0, 100.0]"
84,2.863190329208691,Short,"(81.0, 85.0]"
76,20.12410684801021,Long,"(72.0, 77.0]"
70,5.42370667094399,Medium,"(62.0, 72.0]"
99,10.783586495954678,Long,"(96.0, 100.0]"
77,1.3852123208746496,Short,"(72.0, 77.0]"
95,5.844877721759396,Medium,"(93.0, 96.0]"
67,30.494220097898072,Long,"(62.0, 72.0]"
81,10.997180274952369,Long,"(77.0, 81.0]"
58,5.441417976196167,Medium,"(10.999, 62.0]"
83,10.44505482765064,Long,"(81.0, 85.0]"
72,20.921704466723124,Long,"(62.0, 72.0]"
60,7.070747407547764,Medium,"(10.999, 62.0]"
55,21.58182968869664,Long,"(10.999, 62.0]"
83,12.18923439084038,Long,"(81.0, 85.0]"
61,260.3405090672399,Long,"(10.999, 62.0]"
92,2.4106187515297246,Short,"(91.0, 93.0]"
96,7.407742826442237,Medium,"(93.0, 96.0]"
72,8.217366605525815,Medium,"(62.0, 72.0]"
95,31.10197244558289,Long,"(93.0, 96.0]"
81,5.466555952304595,Medium,"(77.0, 81.0]"
80,5.069955151525373,Medium,"(77.0, 81.0]"
97,4.056923806623435,Short,"(96.0, 100.0]"
90,4.235837414783542,Short,"(88.0, 91.0]"
84,1.62018681861316,Short,"(81.0, 85.0]"
76,9.590101408610204,Medium,"(72.0, 77.0]"
70,2.5949174590740385,Short,"(62.0, 72.0]"
99,6.548743445908296,Medium,"(96.0, 100.0]"
77,5.081085619181385,Medium,"(72.0, 77.0]"
11,3.87375145779168,Short,"(10.999, 62.0]"
86,4.968943677656601,Medium,"(85.0, 88.0]"
97,2.660770403074175,Short,"(96.0, 100.0]"
66,8.306483637567908,Medium,"(62.0, 72.0]"
89,13.222661214210484,Long,"(88.0, 91.0]"
83,20.93961115219039,Long,"(81.0, 85.0]"
99,6.573973275788298,Medium,"(96.0, 100.0]"
95,5.290148096748573,Medium,"(93.0, 96.0]"
75,9.725358535580774,Medium,"(72.0, 77.0]"
97,1.8052762578319173,Short,"(96.0, 100.0]"
91,16.714114619980005,Long,"(88.0, 91.0]"
80,17.806999014427912,Long,"(77.0, 81.0]"
63,21.095318096281108,Long,"(62.0, 72.0]"
96,5.873573137485592,Medium,"(93.0, 96.0]"
77,2.754190616196808,Short,"(72.0, 77.0]"
85,5.946683096741738,Medium,"(81.0, 85.0]"
92,4.523793592123041,Medium,"(91.0, 93.0]"
68,8.238716732494117,Medium,"(62.0, 72.0]"
90,3.636514388975916,Short,"(88.0, 91.0]"
84,13.164837272057364,Long,"(81.0, 85.0]"
95,4.881503287831916,Medium,"(93.0, 96.0]"
75,3.8147019706556926,Short,"(72.0, 77.0]"
98,17.006639023780735,Long,"(96.0, 100.0]"
72,1.9294587589570893,Short,"(62.0, 72.0]"
93,8.685694388370663,Medium,"(91.0, 93.0]"
83,2.14888170402484,Short,"(81.0, 85.0]"
97,3.941035344922252,Short,"(96.0, 100.0]"
61,6.759825136466032,Medium,"(10.999, 62.0]"
51,6.840685757062152,Medium,"(10.999, 62.0]"
88,9.171866180343908,Medium,"(85.0, 88.0]"
92,5.162763610356412,Medium,"(91.0, 93.0]"
89,16.004801494161363,Long,"(88.0, 91.0]"
99,2.658659161885786,Short,"(96.0, 100.0]"
88,7.688269897496598,Medium,"(85.0, 88.0]"
93,10.197507446551173,Medium,"(91.0, 93.0]"
86,5.361269289978908,Medium,"(85.0, 88.0]"
93,7.7027946379318815,Medium,"(91.0, 93.0]"
82,29.630237681613337,Long,"(81.0, 85.0]"
99,5.098042446489322,Medium,"(96.0, 100.0]"
94,7.281782067780635,Medium,"(93.0, 96.0]"
90,61.89405689882235,Long,"(88.0, 91.0]"
82,4.845216579075951,Medium,"(81.0, 85.0]"
96,12.60609181612462,Long,"(93.0, 96.0]"
79,3.916737738327048,Short,"(77.0, 81.0]"
86,28.066198713115263,Long,"(85.0, 88.0]"
90,24.23037807231731,Long,"(88.0, 91.0]"
98,6.014406764508275,Medium,"(96.0, 100.0]"
75,6.4025414038367305,Medium,"(72.0, 77.0]"
95,11.996352257405444,Long,"(93.0, 96.0]"
81,4.301057192445973,Short,"(77.0, 81.0]"
81,5.66407476855285,Medium,"(77.0, 81.0]"
83,1.6539491559621793,Short,"(81.0, 85.0]"
69,30.35383039123571,Long,"(62.0, 72.0]"
70,5.87829712643099,Medium,"(62.0, 72.0]"
73,4.087998735806734,Short,"(72.0, 77.0]"
70,0.9404285900243136,Short,"(62.0, 72.0]"
82,6.01014217466712,Medium,"(81.0, 85.0]"
96,12.394389248708071,Long,"(93.0, 96.0]"
75,6.043817491612786,Medium,"(72.0, 77.0]"
76,99.91404042132116,Long,"(72.0, 77.0]"
89,28.08123885865699,Long,"(88.0, 91.0]"
82,3.115070265712853,Short,"(81.0, 85.0]"
84,7.925857937636709,Medium,"(81.0, 85.0]"
82,7.734520511375408,Medium,"(81.0, 85.0]"
93,3.1321856073593546,Short,"(91.0, 93.0]"
86,3.823862384264399,Short,"(85.0, 88.0]"
85,1.5783624783835415,Short,"(81.0, 85.0]"
74,1.5732950377279882,Short,"(72.0, 77.0]"
51,96.4889328536079,Long,"(10.999, 62.0]"
84,14.886709065862858,Long,"(81.0, 85.0]"
90,37.60065180814037,Long,"(88.0, 91.0]"
80,2.62212839425719,Short,"(77.0, 81.0]"
79,5.743886096291238,Medium,"(77.0, 81.0]"
78,3.6441777939194218,Short,"(77.0, 81.0]"
77,1.1508789912695352,Short,"(72.0, 77.0]"
84,7.815683895628099,Medium,"(81.0, 85.0]"
70,5.968698775476018,Medium,"(62.0, 72.0]"
92,16.68310705082089,Long,"(91.0, 93.0]"
88,1.780681503149469,Short,"(85.0, 88.0]"
84,4.114998906714487,Short,"(81.0, 85.0]"
95,2.4110427035103563,Short,"(93.0, 96.0]"
39,104.18254808777462,Long,"(10.999, 62.0]"
83,15.685483626994415,Long,"(81.0, 85.0]"
90,7.030944723548148,Medium,"(88.0, 91.0]"
79,9.254702087867598,Medium,"(77.0, 81.0]"
71,4.20162183578225,Short,"(62.0, 72.0]"
97,10.859354431064316,Long,"(96.0, 100.0]"
54,32.539100142740494,Long,"(10.999, 62.0]"
88,7.129466789211678,Medium,"(85.0, 88.0]"
84,3.507301277365972,Short,"(81.0, 85.0]"
94,10.81047014652968,Long,"(93.0, 96.0]"
90,11.676291704663813,Long,"(88.0, 91.0]"
83,7.871207655983875,Medium,"(81.0, 85.0]"
81,2.356807953029711,Short,"(77.0, 81.0]"
91,5.142398956146814,Medium,"(88.0, 91.0]"
81,16.510882014762892,Long,"(77.0, 81.0]"
98,4.812221953692276,Medium,"(96.0, 100.0]"
91,11.39826729620468,Long,"(88.0, 91.0]"
66,1.798743259643329,Short,"(62.0, 72.0]"
43,3.827632608126103,Short,"(10.999, 62.0]"
92,1.370028927181579,Short,"(91.0, 93.0]"
94,28.48270747058968,Long,"(93.0, 96.0]"
95,75.52942605437786,Long,"(93.0, 96.0]"
91,4.2824884665923,Short,"(88.0, 91.0]"
82,4.561630918417058,Medium,"(81.0, 85.0]"
69,9.378672564556648,Medium,"(62.0, 72.0]"
76,13.785406431198403,Long,"(72.0, 77.0]"
90,1.8054321828185629,Short,"(88.0, 91.0]"
96,10.70984715281564,Long,"(93.0, 96.0]"
99,3.06825394518638,Short,"(96.0, 100.0]"
33,0.9848114232700108,Short,"(10.999, 62.0]"
90,25.153398258825927,Long,"(88.0, 91.0]"
100,4.484006580046724,Medium,"(96.0, 100.0]"
86,10.496655937885572,Long,"(85.0, 88.0]"
81,12.88320570542318,Long,"(77.0, 81.0]"
83,53.76316775277071,Long,"(81.0, 85.0]"
75,3.2941349420416337,Short,"(72.0, 77.0]"
85,22.056278066296468,Long,"(81.0, 85.0]"
76,4.720167640168312,Medium,"(72.0, 77.0]"
90,29.086758428949786,Long,"(88.0, 91.0]"
89,11.015760970625273,Long,"(88.0, 91.0]"
85,5.547836570388897,Medium,"(81.0, 85.0]"
76,6.316958418986393,Medium,"(72.0, 77.0]"
71,6.726593259880232,Medium,"(62.0, 72.0]"
79,12.374667067893927,Long,"(77.0, 81.0]"
93,5.247893236442482,Medium,"(91.0, 93.0]"
85,7.560146965041439,Medium,"(81.0, 85.0]"
69,1.644515685236371,Short,"(62.0, 72.0]"
86,0.5496443790101976,Short,"(85.0, 88.0]"
64,6.935692979085918,Medium,"(62.0, 72.0]"
95,8.426789375719885,Medium,"(93.0, 96.0]"
86,8.545574708566374,Medium,"(85.0, 88.0]"
85,14.51652826490311,Long,"(81.0, 85.0]"
83,1.786202605335042,Short,"(81.0, 85.0]"
88,2.8593045181380656,Short,"(85.0, 88.0]"
86,7.697533717458039,Medium,"(85.0, 88.0]"
81,5.636361336203013,Medium,"(77.0, 81.0]"
81,4.550002496678145,Medium,"(77.0, 81.0]"
94,13.108250723006284,Long,"(93.0, 96.0]"
98,11.417801959194982,Long,"(96.0, 100.0]"
83,9.261170262539688,Medium,"(81.0, 85.0]"
86,9.214083597671644,Medium,"(85.0, 88.0]"
88,8.315043071342291,Medium,"(85.0, 88.0]"
93,1.8763832771371465,Short,"(91.0, 93.0]"
92,12.912109890722832,Long,"(91.0, 93.0]"
83,2.402291570090048,Short,"(81.0, 85.0]"
94,8.986554446747627,Medium,"(93.0, 96.0]"
77,8.952984705381535,Medium,"(72.0, 77.0]"
95,4.510849803181503,Medium,"(93.0, 96.0]"
74,1.6062343921411546,Short,"(72.0, 77.0]"
87,1.2631172015065026,Short,"(85.0, 88.0]"
80,2.2641617236393574,Short,"(77.0, 81.0]"
93,8.035693626041311,Medium,"(91.0, 93.0]"
65,37.56037743623871,Long,"(62.0, 72.0]"
71,9.375262746564824,Medium,"(62.0, 72.0]"
94,64.13552450605829,Long,"(93.0, 96.0]"
72,7.096431675244657,Medium,"(62.0, 72.0]"
84,3.3563584876458874,Short,"(81.0, 85.0]"
93,8.470716159988035,Medium,"(91.0, 93.0]"
99,4.249184101788392,Short,"(96.0, 100.0]"
78,6.141025061148281,Medium,"(77.0, 81.0]"
93,3.3328854130189614,Short,"(91.0, 93.0]"
87,12.264593888983066,Long,"(85.0, 88.0]"
75,8.163045434052988,Medium,"(72.0, 77.0]"
88,12.247192066961416,Long,"(85.0, 88.0]"
67,1.9315781914925247,Short,"(62.0, 72.0]"
89,26.40898855646969,Long,"(88.0, 91.0]"
93,16.13021138305583,Long,"(91.0, 93.0]"
96,2.3790812982022453,Short,"(93.0, 96.0]"
72,9.08482471233303,Medium,"(62.0, 72.0]"
91,4.655877506903089,Medium,"(88.0, 91.0]"
85,16.50014475843828,Long,"(81.0, 85.0]"
62,5.284493425227376,Medium,"(10.999, 62.0]"
85,3.703153793078795,Short,"(81.0, 85.0]"
67,10.58303889083662,Long,"(62.0, 72.0]"
59,4.520200688637722,Medium,"(10.999, 62.0]"
90,1.8344642000474296,Short,"(88.0, 91.0]"
88,12.004932786153772,Long,"(85.0, 88.0]"
99,3.919736996924976,Short,"(96.0, 100.0]"
71,1.747438412475688,Short,"(62.0, 72.0]"
96,9.214640817798797,Medium,"(93.0, 96.0]"
68,2.188715860354927,Short,"(62.0, 72.0]"
75,0.9473265220608578,Short,"(72.0, 77.0]"
97,3.727087878172361,Short,"(96.0, 100.0]"
83,16.03857155052236,Long,"(81.0, 85.0]"
94,2.73542716292518,Short,"(93.0, 96.0]"
44,5.326777990161925,Medium,"(10.999, 62.0]"
90,12.420812923843696,Long,"(88.0, 91.0]"
96,9.076366799930872,Medium,"(93.0, 96.0]"
75,4.830693338953039,Medium,"(72.0, 77.0]"
66,10.442652231942674,Long,"(62.0, 72.0]"
75,7.425199078752663,Medium,"(72.0, 77.0]"
85,6.396802075195478,Medium,"(81.0, 85.0]"
69,9.388145547654238,Medium,"(62.0, 72.0]"
79,6.129136649681638,Medium,"(77.0, 81.0]"
78,3.649236971474798,Short,"(77.0, 81.0]"
90,4.485264365334047,Medium,"(88.0, 91.0]"
86,0.8322044494652961,Short,"(85.0, 88.0]"
80,9.85695666419018,Medium,"(77.0, 81.0]"
91,4.04024775680354,Short,"(88.0, 91.0]"
89,6.009124128377369,Medium,"(88.0, 91.0]"
85,12.301525684306291,Long,"(81.0, 85.0]"
76,11.40682578170852,Long,"(72.0, 77.0]"
96,5.230193368366318,Medium,"(93.0, 96.0]"
76,2.2164894237313963,Short,"(72.0, 77.0]"
90,6.853151087871319,Medium,"(88.0, 91.0]"
77,46.04458467925279,Long,"(72.0, 77.0]"
90,8.885718977731928,Medium,"(88.0, 91.0]"
81,2.606987372818584,Short,"(77.0, 81.0]"
70,10.566538403468464,Long,"(62.0, 72.0]"
94,16.989870723384826,Long,"(93.0, 96.0]"
97,5.377597908456318,Medium,"(96.0, 100.0]"
92,6.853841751565168,Medium,"(91.0, 93.0]"
24,5.858585549228073,Medium,"(10.999, 62.0]"
90,8.19216012169394,Medium,"(88.0, 91.0]"
93,5.758266728274435,Medium,"(91.0, 93.0]"
87,18.604325863989,Long,"(85.0, 88.0]"
78,6.622342614987855,Medium,"(77.0, 81.0]"
89,4.190220142970112,Short,"(88.0, 91.0]"
68,2.884838067963121,Short,"(62.0, 72.0]"
83,10.283281637117136,Long,"(81.0, 85.0]"
74,6.637463072879075,Medium,"(72.0, 77.0]"
88,3.4585829884120223,Short,"(85.0, 88.0]"
94,11.912707709973718,Long,"(93.0, 96.0]"
97,8.882961916395775,Medium,"(96.0, 100.0]"
77,4.197274212794315,Short,"(72.0, 77.0]"
80,44.76252961271749,Long,"(77.0, 81.0]"
83,6.502037502275212,Medium,"(81.0, 85.0]"
67,6.475525689015737,Medium,"(62.0, 72.0]"
98,13.636618858867438,Long,"(96.0, 100.0]"
76,18.90040585677796,Long,"(72.0, 77.0]"
66,6.605504766683781,Medium,"(62.0, 72.0]"
73,2.386453664229536,Short,"(72.0, 77.0]"
76,7.235261775450229,Medium,"(72.0, 77.0]"
95,7.611946295559626,Medium,"(93.0, 96.0]"
88,10.631953086248698,Long,"(85.0, 88.0]"
70,1.400893717921749,Short,"(62.0, 72.0]"
96,0.6717445513282418,Short,"(93.0, 96.0]"
76,6.252576189914551,Medium,"(72.0, 77.0]"
89,11.982830998870288,Long,"(88.0, 91.0]"
74,1.805488022420824,Short,"(72.0, 77.0]"
84,6.030660089252949,Medium,"(81.0, 85.0]"
86,3.379960284632395,Short,"(85.0, 88.0]"
91,4.081956048561926,Short,"(88.0, 91.0]"
87,7.421489669857486,Medium,"(85.0, 88.0]"
98,8.243305573081305,Medium,"(96.0, 100.0]"
89,11.944999317231185,Long,"(88.0, 91.0]"
86,5.093116591993197,Medium,"(85.0, 88.0]"
79,1.285001362466089,Short,"(77.0, 81.0]"
66,1.359626699786155,Short,"(62.0, 72.0]"
72,4.154207295492834,Short,"(62.0, 72.0]"
94,4.544247462000582,Medium,"(93.0, 96.0]"
92,6.418405065171533,Medium,"(91.0, 93.0]"
81,1.154620119000862,Short,"(77.0, 81.0]"
61,14.996518560571472,Long,"(10.999, 62.0]"
94,5.399627908579028,Medium,"(93.0, 96.0]"
85,9.53390087677779,Medium,"(81.0, 85.0]"
72,5.789378879025474,Medium,"(62.0, 72.0]"
98,5.388496619369406,Medium,"(96.0, 100.0]"
70,6.593134644087161,Medium,"(62.0, 72.0]"
85,3.456231082834484,Short,"(81.0, 85.0]"
93,12.534388822459311,Long,"(91.0, 93.0]"
98,4.513675478999976,Medium,"(96.0, 100.0]"
75,3.3273859507086305,Short,"(72.0, 77.0]"
87,5.005057844039444,Medium,"(85.0, 88.0]"
85,3.6407021344310766,Short,"(81.0, 85.0]"
65,7.838338003454954,Medium,"(62.0, 72.0]"
55,21.36603364534045,Long,"(10.999, 62.0]"
70,77.4947975197993,Long,"(62.0, 72.0]"
72,3.634375724102398,Short,"(62.0, 72.0]"
90,2.578855667114769,Short,"(88.0, 91.0]"
81,2.2619202418359845,Short,"(77.0, 81.0]"
87,0.9591748044351496,Short,"(85.0, 88.0]"
31,4.477776737220209,Medium,"(10.999, 62.0]"
95,14.429833855747482,Long,"(93.0, 96.0]"
80,3.281796387051666,Short,"(77.0, 81.0]"
71,7.186581816469715,Medium,"(62.0, 72.0]"
46,3.0040921096982327,Short,"(10.999, 62.0]"
86,8.240086829646355,Medium,"(85.0, 88.0]"
91,28.69510089927749,Long,"(88.0, 91.0]"
52,1.1268257494695315,Short,"(10.999, 62.0]"
96,2.636919618604075,Short,"(93.0, 96.0]"
74,1.6649434272010375,Short,"(72.0, 77.0]"
69,6.277972444255539,Medium,"(62.0, 72.0]"
80,3.198792096558785,Short,"(77.0, 81.0]"
100,5.826172175775137,Medium,"(96.0, 100.0]"
98,10.358212773282307,Long,"(96.0, 100.0]"
97,24.275998793839463,Long,"(96.0, 100.0]"
84,7.219293184789795,Medium,"(81.0, 85.0]"
86,15.223036272162016,Long,"(85.0, 88.0]"
83,23.006322622831195,Long,"(81.0, 85.0]"
88,1.863085353681632,Short,"(85.0, 88.0]"
51,3.020761271053206,Short,"(10.999, 62.0]"
77,2.506968572426479,Short,"(72.0, 77.0]"
50,22.60248534969474,Long,"(10.999, 62.0]"
89,10.15643345075452,Medium,"(88.0, 91.0]"
68,3.0665883078991616,Short,"(62.0, 72.0]"
99,8.406782251050108,Medium,"(96.0, 100.0]"
97,11.744831290303976,Long,"(96.0, 100.0]"
89,2.970398153906548,Short,"(88.0, 91.0]"
77,2.025891516718508,Short,"(72.0, 77.0]"
72,7.712589160171384,Medium,"(62.0, 72.0]"
89,6.029381243393642,Medium,"(88.0, 91.0]"
95,9.32968195468886,Medium,"(93.0, 96.0]"
92,21.26686666979131,Long,"(91.0, 93.0]"
40,2.663141477314257,Short,"(10.999, 62.0]"
88,6.670332094268608,Medium,"(85.0, 88.0]"
92,3.0495567217758395,Short,"(91.0, 93.0]"
60,4.566587558857733,Medium,"(10.999, 62.0]"
63,7.442286413116884,Medium,"(62.0, 72.0]"
57,2.3062527099058565,Short,"(10.999, 62.0]"
72,2.6583768987342653,Short,"(62.0, 72.0]"
95,16.541265837868423,Long,"(93.0, 96.0]"
80,9.398892187788531,Medium,"(77.0, 81.0]"
77,11.423323279224366,Long,"(72.0, 77.0]"
78,1.844034003991569,Short,"(77.0, 81.0]"
74,1.3084968640711163,Short,"(72.0, 77.0]"
99,4.12583984340029,Short,"(96.0, 100.0]"
58,1.334230232142228,Short,"(10.999, 62.0]"
78,27.00954354139559,Long,"(77.0, 81.0]"
99,2.655938235656375,Short,"(96.0, 100.0]"
97,4.768041120328671,Medium,"(96.0, 100.0]"
84,4.063814895352941,Short,"(81.0, 85.0]"
83,18.52500735091892,Long,"(81.0, 85.0]"
71,1.2470111412929836,Short,"(62.0, 72.0]"
85,2.590459109546948,Short,"(81.0, 85.0]"
81,6.178763103995366,Medium,"(77.0, 81.0]"
75,4.219712973890713,Short,"(72.0, 77.0]"
76,2.357913601093543,Short,"(72.0, 77.0]"
93,2.464026613811756,Short,"(91.0, 93.0]"
86,3.663082169554396,Short,"(85.0, 88.0]"
82,1.858554104518518,Short,"(81.0, 85.0]"
98,2.364138281649029,Short,"(96.0, 100.0]"
93,11.646453886154193,Long,"(91.0, 93.0]"
75,9.902069553189165,Medium,"(72.0, 77.0]"
87,2.1002879833095163,Short,"(85.0, 88.0]"
78,5.857565393934813,Medium,"(77.0, 81.0]"
72,2.208382853909323,Short,"(62.0, 72.0]"
62,4.2482896928941605,Short,"(10.999, 62.0]"
79,8.735269357373568,Medium,"(77.0, 81.0]"
96,6.0147787122403,Medium,"(93.0, 96.0]"
73,14.618248574677336,Long,"(72.0, 77.0]"
44,4.161012638797963,Short,"(10.999, 62.0]"
82,1.4546503626836578,Short,"(81.0, 85.0]"
31,7.361271608839274,Medium,"(10.999, 62.0]"
92,0.9673952756904698,Short,"(91.0, 93.0]"
96,40.43827237929116,Long,"(93.0, 96.0]"
67,1.5889476459175789,Short,"(62.0, 72.0]"
67,4.364727003460155,Short,"(62.0, 72.0]"
88,7.677055210096512,Medium,"(85.0, 88.0]"
82,4.00446009890238,Short,"(81.0, 85.0]"
95,5.1397419833615166,Medium,"(93.0, 96.0]"
93,4.450637928804644,Medium,"(91.0, 93.0]"
45,13.370290768841915,Long,"(10.999, 62.0]"
80,76.24068923464054,Long,"(77.0, 81.0]"
57,26.27006411419708,Long,"(10.999, 62.0]"
84,9.639862476774535,Medium,"(81.0, 85.0]"
88,5.384590955417545,Medium,"(85.0, 88.0]"
81,1.7390408856523605,Short,"(77.0, 81.0]"
97,11.95180978697573,Long,"(96.0, 100.0]"
97,97.5255994143152,Long,"(96.0, 100.0]"
91,7.173748703426827,Medium,"(88.0, 91.0]"
80,1.4977793859228246,Short,"(77.0, 81.0]"
76,18.361914687260576,Long,"(72.0, 77.0]"
62,2.571875686202304,Short,"(10.999, 62.0]"
87,2.607953214827291,Short,"(85.0, 88.0]"
91,4.065350388485396,Short,"(88.0, 91.0]"
81,2.067723377769677,Short,"(77.0, 81.0]"
88,6.750066937296435,Medium,"(85.0, 88.0]"
46,19.2830024831735,Long,"(10.999, 62.0]"
96,3.30811829010812,Short,"(93.0, 96.0]"
90,18.181356254688936,Long,"(88.0, 91.0]"
55,11.86235961578673,Long,"(10.999, 62.0]"
93,9.037092241039142,Medium,"(91.0, 93.0]"
79,3.273604542454089,Short,"(77.0, 81.0]"
99,3.1306831969792213,Short,"(96.0, 100.0]"
15,2.1780584672619385,Short,"(10.999, 62.0]"
94,2.242095780909892,Short,"(93.0, 96.0]"
74,1.6881789681934547,Short,"(72.0, 77.0]"
83,3.4051538698366484,Short,"(81.0, 85.0]"
81,22.21024111991872,Long,"(77.0, 81.0]"
49,5.27832271072752,Medium,"(10.999, 62.0]"
77,7.874389589473117,Medium,"(72.0, 77.0]"
93,9.141889553317936,Medium,"(91.0, 93.0]"
98,14.166458476302155,Long,"(96.0, 100.0]"
94,6.669112171149566,Medium,"(93.0, 96.0]"
75,8.214971200602747,Medium,"(72.0, 77.0]"
65,6.743969006148069,Medium,"(62.0, 72.0]"
84,3.5879581457102465,Short,"(81.0, 85.0]"
72,2.801292567449313,Short,"(62.0, 72.0]"
88,4.340932988101288,Short,"(85.0, 88.0]"
96,2.2387116478207623,Short,"(93.0, 96.0]"
91,29.459680253104807,Long,"(88.0, 91.0]"
84,30.47269156154372,Long,"(81.0, 85.0]"
60,21.370174186118447,Long,"(10.999, 62.0]"
85,15.293875870297132,Long,"(81.0, 85.0]"
79,30.71361641191253,Long,"(77.0, 81.0]"
56,8.86584602378419,Medium,"(10.999, 62.0]"
79,7.76449813405446,Medium,"(77.0, 81.0]"
86,12.066746016802458,Long,"(85.0, 88.0]"
99,8.280402546996685,Medium,"(96.0, 100.0]"
97,14.014176071536836,Long,"(96.0, 100.0]"
73,25.364534425604138,Long,"(72.0, 77.0]"
55,17.571686825136506,Long,"(10.999, 62.0]"
68,49.30417037222121,Long,"(62.0, 72.0]"
88,21.723225997502364,Long,"(85.0, 88.0]"
94,20.123733557370457,Long,"(93.0, 96.0]"
42,239.43979712743936,Long,"(10.999, 62.0]"
90,3.234570533404696,Short,"(88.0, 91.0]"
72,18.75933270283221,Long,"(62.0, 72.0]"
98,8.649804472983394,Medium,"(96.0, 100.0]"
84,32.351466509154854,Long,"(81.0, 85.0]"
42,50.12468120096058,Long,"(10.999, 62.0]"
74,69.21122935169132,Long,"(72.0, 77.0]"
60,7.853044831749314,Medium,"(10.999, 62.0]"
37,60.02369541089477,Long,"(10.999, 62.0]"
80,10.627153230165622,Long,"(77.0, 81.0]"
78,21.16766952023593,Long,"(77.0, 81.0]"
49,17.322994898766265,Long,"(10.999, 62.0]"
53,4.835970573387596,Medium,"(10.999, 62.0]"
92,20.786639916873984,Long,"(91.0, 93.0]"
82,32.03274584538905,Long,"(81.0, 85.0]"
55,11.63491680640775,Long,"(10.999, 62.0]"
53,37.10854335586316,Long,"(10.999, 62.0]"
94,5.88196947795539,Medium,"(93.0, 96.0]"
94,8.589737121444603,Medium,"(93.0, 96.0]"
83,6.271641034677983,Medium,"(81.0, 85.0]"
79,4.136291829591577,Short,"(77.0, 81.0]"
79,27.542340994676504,Long,"(77.0, 81.0]"
73,24.98715681366647,Long,"(72.0, 77.0]"
97,16.64641648994527,Long,"(96.0, 100.0]"
95,11.262251560361456,Long,"(93.0, 96.0]"
56,8.299960397722103,Medium,"(10.999, 62.0]"
63,4.249148340961347,Short,"(62.0, 72.0]"
96,6.768113464360378,Medium,"(93.0, 96.0]"
88,40.650295048620855,Long,"(85.0, 88.0]"
59,18.217623809575706,Long,"(10.999, 62.0]"
73,18.96476807453572,Long,"(72.0, 77.0]"
78,7.624716562984021,Medium,"(77.0, 81.0]"
85,0.7359780707779322,Short,"(81.0, 85.0]"
83,2.229134939512905,Short,"(81.0, 85.0]"
74,6.719917339222743,Medium,"(72.0, 77.0]"
69,34.51471767361909,Long,"(62.0, 72.0]"
74,1.129631019169127,Short,"(72.0, 77.0]"
91,11.781097157141604,Long,"(88.0, 91.0]"
79,43.43774505157989,Long,"(77.0, 81.0]"
42,1.5560455601858747,Short,"(10.999, 62.0]"
32,6.3026994607693485,Medium,"(10.999, 62.0]"
99,1.801851040328595,Short,"(96.0, 100.0]"
87,3.1800400261125,Short,"(85.0, 88.0]"
95,9.718970792205097,Medium,"(93.0, 96.0]"
96,39.328561198480905,Long,"(93.0, 96.0]"
75,5.124420630852716,Medium,"(72.0, 77.0]"
87,5.139572696455877,Medium,"(85.0, 88.0]"
63,13.384947274205794,Long,"(62.0, 72.0]"
85,4.04629417359116,Short,"(81.0, 85.0]"
83,7.859513090811096,Medium,"(81.0, 85.0]"
62,3.618618537414159,Short,"(10.999, 62.0]"
99,2.195678782003565,Short,"(96.0, 100.0]"
82,2.441362377180889,Short,"(81.0, 85.0]"
79,3.984279687862555,Short,"(77.0, 81.0]"
88,15.587132012446787,Long,"(85.0, 88.0]"
92,0.6995787387464362,Short,"(91.0, 93.0]"
85,1.6875465233684876,Short,"(81.0, 85.0]"
83,185.925273584738,Long,"(81.0, 85.0]"
95,5.0648597179177,Medium,"(93.0, 96.0]"
76,12.624011194681223,Long,"(72.0, 77.0]"
94,9.014412644766326,Medium,"(93.0, 96.0]"
74,14.573450988254375,Long,"(72.0, 77.0]"
86,1.613685089483286,Short,"(85.0, 88.0]"
90,5.999272463046797,Medium,"(88.0, 91.0]"
95,3.963704938583484,Short,"(93.0, 96.0]"
89,2.6283030530483527,Short,"(88.0, 91.0]"
84,13.419890616501409,Long,"(81.0, 85.0]"
78,5.11095355691673,Medium,"(77.0, 81.0]"
78,9.778930254944072,Medium,"(77.0, 81.0]"
99,9.843984440009253,Medium,"(96.0, 100.0]"
77,1.4329818666749834,Short,"(72.0, 77.0]"
62,1.967925174231157,Short,"(10.999, 62.0]"
86,2.104899164154087,Short,"(85.0, 88.0]"
81,1.957793964661488,Short,"(77.0, 81.0]"
74,1.6484623283506317,Short,"(72.0, 77.0]"
94,3.405209908163857,Short,"(93.0, 96.0]"
83,9.238948160822265,Medium,"(81.0, 85.0]"
66,1.9642139752926429,Short,"(62.0, 72.0]"
77,3.516789972301656,Short,"(72.0, 77.0]"
72,8.455069857008738,Medium,"(62.0, 72.0]"
89,20.21555010926772,Long,"(88.0, 91.0]"
89,4.90755358007216,Medium,"(88.0, 91.0]"
79,5.211472233432033,Medium,"(77.0, 81.0]"
90,20.55373358458625,Long,"(88.0, 91.0]"
89,17.04048723468547,Long,"(88.0, 91.0]"
88,5.78766925311464,Medium,"(85.0, 88.0]"
87,3.3624747089534006,Short,"(85.0, 88.0]"
86,1.263656828427289,Short,"(85.0, 88.0]"
83,7.226468390806144,Medium,"(81.0, 85.0]"
98,2.503987080889346,Short,"(96.0, 100.0]"
74,1.5494840840141335,Short,"(72.0, 77.0]"
57,3.1240758472671737,Short,"(10.999, 62.0]"
80,7.88879147866267,Medium,"(77.0, 81.0]"
97,3.104794863653244,Short,"(96.0, 100.0]"
71,34.64194315756216,Long,"(62.0, 72.0]"
82,5.495677661356906,Medium,"(81.0, 85.0]"
93,2.2513127333238527,Short,"(91.0, 93.0]"
32,1.2559833898863375,Short,"(10.999, 62.0]"
90,2.18323889731405,Short,"(88.0, 91.0]"
86,1.4312099535342595,Short,"(85.0, 88.0]"
50,8.127616664306808,Medium,"(10.999, 62.0]"
72,2.226043906490635,Short,"(62.0, 72.0]"
80,4.576615510778872,Medium,"(77.0, 81.0]"
59,1.2747399147093406,Short,"(10.999, 62.0]"
97,3.4372901467593326,Short,"(96.0, 100.0]"
71,1.510390495129179,Short,"(62.0, 72.0]"
92,4.525920436429165,Medium,"(91.0, 93.0]"
45,6.1006650249422725,Medium,"(10.999, 62.0]"
99,6.760505785526912,Medium,"(96.0, 100.0]"
90,5.270591232140886,Medium,"(88.0, 91.0]"
98,8.382209675769408,Medium,"(96.0, 100.0]"
80,1.854529343715712,Short,"(77.0, 81.0]"
82,14.049678382618964,Long,"(81.0, 85.0]"
80,7.007896529641118,Medium,"(77.0, 81.0]"
75,6.1341746240734505,Medium,"(72.0, 77.0]"
54,0.9969888684520324,Short,"(10.999, 62.0]"
96,3.354944445221463,Short,"(93.0, 96.0]"
92,22.30725574731829,Long,"(91.0, 93.0]"
77,3.968593702469445,Short,"(72.0, 77.0]"
49,16.5554219119682,Long,"(10.999, 62.0]"
83,1.7791082839865036,Short,"(81.0, 85.0]"
70,1.9297327606821149,Short,"(62.0, 72.0]"
99,24.31174294563878,Long,"(96.0, 100.0]"
76,3.1407686348423383,Short,"(72.0, 77.0]"
94,2.7194622738017378,Short,"(93.0, 96.0]"
84,1.344691514321377,Short,"(81.0, 85.0]"
98,2.031529811428624,Short,"(96.0, 100.0]"
89,4.851068204451029,Medium,"(88.0, 91.0]"
75,4.650505722876416,Medium,"(72.0, 77.0]"
57,11.237179230279276,Long,"(10.999, 62.0]"
58,2.679548204994835,Short,"(10.999, 62.0]"
95,10.618725788107303,Long,"(93.0, 96.0]"
74,2.4797438578385345,Short,"(72.0, 77.0]"
99,2.413951122043976,Short,"(96.0, 100.0]"
81,4.380900979983956,Short,"(77.0, 81.0]"
24,1.270125251308995,Short,"(10.999, 62.0]"
86,6.805357085340336,Medium,"(85.0, 88.0]"
96,7.320560806047535,Medium,"(93.0, 96.0]"
89,3.103139905214389,Short,"(88.0, 91.0]"
97,12.38832515614368,Long,"(96.0, 100.0]"
76,1.8866371645860305,Short,"(72.0, 77.0]"
90,17.726065266519086,Long,"(88.0, 91.0]"
92,0.9445049616150892,Short,"(91.0, 93.0]"
88,2.186317638434692,Short,"(85.0, 88.0]"
85,12.957938012814404,Long,"(81.0, 85.0]"
70,7.0157506347407965,Medium,"(62.0, 72.0]"
79,2.647660930980216,Short,"(77.0, 81.0]"
92,41.23363340331073,Long,"(91.0, 93.0]"
93,5.613759191806671,Medium,"(91.0, 93.0]"
90,5.836771067156361,Medium,"(88.0, 91.0]"
92,3.490975575043364,Short,"(91.0, 93.0]"
93,43.46055529505093,Long,"(91.0, 93.0]"
98,2.29505412088319,Short,"(96.0, 100.0]"
77,3.057272110032212,Short,"(72.0, 77.0]"
81,3.5675660187250444,Short,"(77.0, 81.0]"
84,2.1406784793960285,Short,"(81.0, 85.0]"
83,2.4737233399859564,Short,"(81.0, 85.0]"
80,7.426871347947235,Medium,"(77.0, 81.0]"
41,1.7177040895401547,Short,"(10.999, 62.0]"
37,5.721536277943006,Medium,"(10.999, 62.0]"
79,5.355468195030205,Medium,"(77.0, 81.0]"
87,10.832185606695251,Long,"(85.0, 88.0]"
91,4.909042849615716,Medium,"(88.0, 91.0]"
90,1.5584217212031242,Short,"(88.0, 91.0]"
65,10.281846003295016,Long,"(62.0, 72.0]"
93,15.216373611874015,Long,"(91.0, 93.0]"
65,13.578361345315052,Long,"(62.0, 72.0]"
98,12.337163860694352,Long,"(96.0, 100.0]"
90,4.806888108585829,Medium,"(88.0, 91.0]"
77,10.166710361745633,Medium,"(72.0, 77.0]"
80,4.484917932813896,Medium,"(77.0, 81.0]"
98,2.7087018909894858,Short,"(96.0, 100.0]"
57,7.538281877465217,Medium,"(10.999, 62.0]"
92,5.480412642885778,Medium,"(91.0, 93.0]"
98,0.8715559011038803,Short,"(96.0, 100.0]"
99,2.7462502016137416,Short,"(96.0, 100.0]"
61,8.339327194184754,Medium,"(10.999, 62.0]"
74,1.922429877151138,Short,"(72.0, 77.0]"
84,5.604201762620815,Medium,"(81.0, 85.0]"
65,2.715271067892765,Short,"(62.0, 72.0]"
67,6.856321831993535,Medium,"(62.0, 72.0]"
99,33.408494179391745,Long,"(96.0, 100.0]"
77,85.5434139318437,Long,"(72.0, 77.0]"
80,8.823513240410309,Medium,"(77.0, 81.0]"
90,3.270808205157224,Short,"(88.0, 91.0]"
84,2.871687524854979,Short,"(81.0, 85.0]"
81,4.206552409983751,Short,"(77.0, 81.0]"
84,3.964125096733567,Short,"(81.0, 85.0]"
75,2.971468127622907,Short,"(72.0, 77.0]"
93,6.070071139889177,Medium,"(91.0, 93.0]"
79,4.194304726038506,Short,"(77.0, 81.0]"
87,10.398218727760351,Long,"(85.0, 88.0]"
85,74.30369938660196,Long,"(81.0, 85.0]"
89,1.414527658448737,Short,"(88.0, 91.0]"
83,1.3869485359413716,Short,"(81.0, 85.0]"
82,2.176031510339552,Short,"(81.0, 85.0]"
80,2.3359190909522582,Short,"(77.0, 81.0]"
97,12.495623448004896,Long,"(96.0, 100.0]"
80,4.321572074374925,Short,"(77.0, 81.0]"
96,8.112560411307811,Medium,"(93.0, 96.0]"
85,1.761433052706857,Short,"(81.0, 85.0]"
92,13.109199416556264,Long,"(91.0, 93.0]"
70,3.660410973557217,Short,"(62.0, 72.0]"
77,3.265305039415072,Short,"(72.0, 77.0]"
100,7.522090444087317,Medium,"(96.0, 100.0]"
99,2.834362257995707,Short,"(96.0, 100.0]"
77,17.326049577224996,Long,"(72.0, 77.0]"
82,5.27093331340532,Medium,"(81.0, 85.0]"
82,3.1956422657074275,Short,"(81.0, 85.0]"
82,3.983391950568567,Short,"(81.0, 85.0]"
92,4.677975289079946,Medium,"(91.0, 93.0]"
90,2.6870168978411,Short,"(88.0, 91.0]"
56,0.8797257734494592,Short,"(10.999, 62.0]"
77,43.543667833485095,Long,"(72.0, 77.0]"
88,2.9691842032890894,Short,"(85.0, 88.0]"
74,12.383104587172468,Long,"(72.0, 77.0]"
67,3.669721526285395,Short,"(62.0, 72.0]"
64,5.31468190304819,Medium,"(62.0, 72.0]"
91,3.3820040022280256,Short,"(88.0, 91.0]"
54,8.64651914648372,Medium,"(10.999, 62.0]"
91,8.506729676566618,Medium,"(88.0, 91.0]"
97,2.280299730203956,Short,"(96.0, 100.0]"
92,6.31815504654062,Medium,"(91.0, 93.0]"
48,2.5255326652276247,Short,"(10.999, 62.0]"
74,24.25514936178075,Long,"(72.0, 77.0]"
78,8.184091418936433,Medium,"(77.0, 81.0]"
87,25.527867024835096,Long,"(85.0, 88.0]"
86,1.7971319180139649,Short,"(85.0, 88.0]"
74,2.62368680328011,Short,"(72.0, 77.0]"
86,53.80585097088608,Long,"(85.0, 88.0]"
91,15.35812128894409,Long,"(88.0, 91.0]"
75,2.751939126006837,Short,"(72.0, 77.0]"
44,2.2171262747285883,Short,"(10.999, 62.0]"
73,1.6485084560717145,Short,"(72.0, 77.0]"
97,2.8520489149129244,Short,"(96.0, 100.0]"
58,5.231778431189281,Medium,"(10.999, 62.0]"
79,1.1907577469879576,Short,"(77.0, 81.0]"
83,2.698963040803605,Short,"(81.0, 85.0]"
94,5.238353917176057,Medium,"(93.0, 96.0]"
97,3.980908947622048,Short,"(96.0, 100.0]"
87,4.334262378938257,Short,"(85.0, 88.0]"
78,4.788857462263077,Medium,"(77.0, 81.0]"
58,3.543798908664691,Short,"(10.999, 62.0]"
93,7.261998140753362,Medium,"(91.0, 93.0]"
93,4.858536097701764,Medium,"(91.0, 93.0]"
96,3.649681378405073,Short,"(93.0, 96.0]"
88,5.784979175911031,Medium,"(85.0, 88.0]"
78,2.8684712372014327,Short,"(77.0, 81.0]"
81,3.036385164083652,Short,"(77.0, 81.0]"
88,4.508091899937316,Medium,"(85.0, 88.0]"
92,13.945204139951857,Long,"(91.0, 93.0]"
78,4.435117143496472,Medium,"(77.0, 81.0]"
72,1.330472437003454,Short,"(62.0, 72.0]"
95,3.1956110734957632,Short,"(93.0, 96.0]"
98,30.8273594644494,Long,"(96.0, 100.0]"
61,4.79305152673187,Medium,"(10.999, 62.0]"
82,2.67005413560503,Short,"(81.0, 85.0]"
93,2.713706604500689,Short,"(91.0, 93.0]"
95,15.234579989068529,Long,"(93.0, 96.0]"
92,35.56501054328521,Long,"(91.0, 93.0]"
50,271.6146279284957,Long,"(10.999, 62.0]"
97,7.057114379278621,Medium,"(96.0, 100.0]"
86,9.34233207450903,Medium,"(85.0, 88.0]"
93,4.507811287732485,Medium,"(91.0, 93.0]"
46,10.33745263202776,Long,"(10.999, 62.0]"
92,26.67117876901817,Long,"(91.0, 93.0]"
92,7.501924637371908,Medium,"(91.0, 93.0]"
75,1.892374217964523,Short,"(72.0, 77.0]"
85,3.25806345564814,Short,"(81.0, 85.0]"
72,1.6773863133265157,Short,"(62.0, 72.0]"
83,4.23830756740612,Short,"(81.0, 85.0]"
79,2.058410046420825,Short,"(77.0, 81.0]"
78,1.613739933077078,Short,"(77.0, 81.0]"
94,4.501046549918738,Medium,"(93.0, 96.0]"
87,2.944678487160993,Short,"(85.0, 88.0]"
48,8.28881600993995,Medium,"(10.999, 62.0]"
91,1.221261653746725,Short,"(88.0, 91.0]"
93,4.174798019139268,Short,"(91.0, 93.0]"
93,2.6086928041531428,Short,"(91.0, 93.0]"
94,2.5442447265943544,Short,"(93.0, 96.0]"
83,6.393304313510181,Medium,"(81.0, 85.0]"
82,35.57522367183048,Long,"(81.0, 85.0]"
83,6.327124309995986,Medium,"(81.0, 85.0]"
38,0.970338311259362,Short,"(10.999, 62.0]"
92,5.175897436224591,Medium,"(91.0, 93.0]"
48,6.762252434257949,Medium,"(10.999, 62.0]"
90,6.47813663302046,Medium,"(88.0, 91.0]"
99,6.732972715477706,Medium,"(96.0, 100.0]"
93,2.6832910240482435,Short,"(91.0, 93.0]"
62,2.551853235737157,Short,"(10.999, 62.0]"
77,8.265966155033187,Medium,"(72.0, 77.0]"
96,4.98717775106139,Medium,"(93.0, 96.0]"
85,5.505014640252864,Medium,"(81.0, 85.0]"
94,12.051587904666636,Long,"(93.0, 96.0]"
96,2.4452972237095225,Short,"(93.0, 96.0]"
74,42.33954376230544,Long,"(72.0, 77.0]"
91,3.632772524791276,Short,"(88.0, 91.0]"
89,10.10257010148131,Medium,"(88.0, 91.0]"
51,3.313299785383789,Short,"(10.999, 62.0]"
76,30.11762561523791,Long,"(72.0, 77.0]"
72,2.680101537283766,Short,"(62.0, 72.0]"
96,1.7604861868198556,Short,"(93.0, 96.0]"
79,2.322082956917242,Short,"(77.0, 81.0]"
97,3.4537952979865176,Short,"(96.0, 100.0]"
91,5.0401017121337786,Medium,"(88.0, 91.0]"
61,2.8679573315310183,Short,"(10.999, 62.0]"
85,2.716453630347715,Short,"(81.0, 85.0]"
85,8.225275653716226,Medium,"(81.0, 85.0]"
90,6.345430251028448,Medium,"(88.0, 91.0]"
81,2.364922886217591,Short,"(77.0, 81.0]"
71,13.97846301423298,Long,"(62.0, 72.0]"
77,7.923647630905813,Medium,"(72.0, 77.0]"
81,5.102718338234958,Medium,"(77.0, 81.0]"
77,1.60275482219499,Short,"(72.0, 77.0]"
93,3.815552727126738,Short,"(91.0, 93.0]"
75,1.465351068896308,Short,"(72.0, 77.0]"
78,1.8185943631721628,Short,"(77.0, 81.0]"
93,1.3102211414602636,Short,"(91.0, 93.0]"
66,2.531206269062915,Short,"(62.0, 72.0]"
88,1.3421321457630302,Short,"(85.0, 88.0]"
80,23.330226717446127,Long,"(77.0, 81.0]"
65,1.5297924373325982,Short,"(62.0, 72.0]"
71,18.14147562360472,Long,"(62.0, 72.0]"
71,3.17849779945142,Short,"(62.0, 72.0]"
63,18.152256882140843,Long,"(62.0, 72.0]"
88,1.8276383459174887,Short,"(85.0, 88.0]"
76,10.459053119326525,Long,"(72.0, 77.0]"
87,11.074408043059782,Long,"(85.0, 88.0]"
93,1.5064797203365987,Short,"(91.0, 93.0]"
79,3.950541244010975,Short,"(77.0, 81.0]"
47,2.2119974374852376,Short,"(10.999, 62.0]"
92,10.641074576383453,Long,"(91.0, 93.0]"
85,6.623460498120785,Medium,"(81.0, 85.0]"
84,3.841531165408143,Short,"(81.0, 85.0]"
89,1.950707515099464,Short,"(88.0, 91.0]"
91,8.619566640734353,Medium,"(88.0, 91.0]"
51,5.095922865792561,Medium,"(10.999, 62.0]"
66,6.115938992310643,Medium,"(62.0, 72.0]"
65,3.111213621333812,Short,"(62.0, 72.0]"
62,8.508756292668476,Medium,"(10.999, 62.0]"
87,4.311320357436231,Short,"(85.0, 88.0]"
69,5.446121753796074,Medium,"(62.0, 72.0]"
85,6.253715412674853,Medium,"(81.0, 85.0]"
92,7.066791492048213,Medium,"(91.0, 93.0]"
84,1.7129255284405749,Short,"(81.0, 85.0]"
73,39.16769978517894,Long,"(72.0, 77.0]"
89,3.0503787045516324,Short,"(88.0, 91.0]"
77,1.0481992029999825,Short,"(72.0, 77.0]"
43,1.6968528516564485,Short,"(10.999, 62.0]"
87,1.916627332247729,Short,"(85.0, 88.0]"
63,4.066106045541831,Short,"(62.0, 72.0]"
78,7.929103182478144,Medium,"(77.0, 81.0]"
83,4.776792523236554,Medium,"(81.0, 85.0]"
81,3.882277922403346,Short,"(77.0, 81.0]"
88,2.740666435942031,Short,"(85.0, 88.0]"
95,17.725350604853798,Long,"(93.0, 96.0]"
95,4.760527244357026,Medium,"(93.0, 96.0]"
89,0.692439412021328,Short,"(88.0, 91.0]"
74,1.974001166062908,Short,"(72.0, 77.0]"
97,8.076809339919043,Medium,"(96.0, 100.0]"
72,9.086870277290796,Medium,"(62.0, 72.0]"
85,10.34215016430438,Long,"(81.0, 85.0]"
68,4.368679644745055,Short,"(62.0, 72.0]"
81,2.773132909438211,Short,"(77.0, 81.0]"
99,81.41022393033064,Long,"(96.0, 100.0]"
87,12.719284465800968,Long,"(85.0, 88.0]"
100,1.1706268898128227,Short,"(96.0, 100.0]"
81,1.2029222325691964,Short,"(77.0, 81.0]"
91,6.492901941159936,Medium,"(88.0, 91.0]"
65,0.8681633293180607,Short,"(62.0, 72.0]"
94,3.297133300428793,Short,"(93.0, 96.0]"
85,3.0815895559559663,Short,"(81.0, 85.0]"
76,1.8602411007512127,Short,"(72.0, 77.0]"
87,8.24860646412999,Medium,"(85.0, 88.0]"
69,6.475462698359167,Medium,"(62.0, 72.0]"
73,4.666010702410133,Medium,"(72.0, 77.0]"
86,3.805478102347424,Short,"(85.0, 88.0]"
97,5.77800014739662,Medium,"(96.0, 100.0]"
92,3.7517024297797663,Short,"(91.0, 93.0]"
97,2.9408445555530567,Short,"(96.0, 100.0]"
84,11.002328810495042,Long,"(81.0, 85.0]"
95,4.809430831728505,Medium,"(93.0, 96.0]"
100,3.066085176262451,Short,"(96.0, 100.0]"
90,0.6285501794880277,Short,"(88.0, 91.0]"
71,17.326728582072302,Long,"(62.0, 72.0]"
87,1.3899661468439524,Short,"(85.0, 88.0]"
90,7.653905015173358,Medium,"(88.0, 91.0]"
92,5.06349975482512,Medium,"(91.0, 93.0]"
89,0.8439386307135183,Short,"(88.0, 91.0]"
54,4.11667969946909,Short,"(10.999, 62.0]"
96,5.338793062420716,Medium,"(93.0, 96.0]"
56,7.861631492084579,Medium,"(10.999, 62.0]"
92,5.879234362977851,Medium,"(91.0, 93.0]"
51,1.2380134733088026,Short,"(10.999, 62.0]"
46,6.974941044986054,Medium,"(10.999, 62.0]"
91,4.073246333939646,Short,"(88.0, 91.0]"
90,7.955810905167381,Medium,"(88.0, 91.0]"
44,3.345569342795724,Short,"(10.999, 62.0]"
95,33.79966654377854,Long,"(93.0, 96.0]"
76,6.763298604016614,Medium,"(72.0, 77.0]"
69,1.317406278655748,Short,"(62.0, 72.0]"
64,15.755765649770373,Long,"(62.0, 72.0]"
84,5.457562492504714,Medium,"(81.0, 85.0]"
66,3.0580108439931446,Short,"(62.0, 72.0]"
50,3.397036159430714,Short,"(10.999, 62.0]"
100,1.589665166121501,Short,"(96.0, 100.0]"
95,4.906361017315902,Medium,"(93.0, 96.0]"
94,12.860570848587352,Long,"(93.0, 96.0]"
95,4.566483504479899,Medium,"(93.0, 96.0]"
52,9.394821914426831,Medium,"(10.999, 62.0]"
85,4.8784450445901175,Medium,"(81.0, 85.0]"
93,3.699649889980997,Short,"(91.0, 93.0]"
93,5.962315535452199,Medium,"(91.0, 93.0]"
100,2.946587843328908,Short,"(96.0, 100.0]"
91,2.566796088307798,Short,"(88.0, 91.0]"
93,3.201889765586553,Short,"(91.0, 93.0]"
99,3.010670659560389,Short,"(96.0, 100.0]"
99,6.674226319823847,Medium,"(96.0, 100.0]"
78,3.596430164747675,Short,"(77.0, 81.0]"
84,1.5818382138488385,Short,"(81.0, 85.0]"
84,4.17682057665008,Short,"(81.0, 85.0]"
72,1.3838816447480855,Short,"(62.0, 72.0]"
82,128.7942781499453,Long,"(81.0, 85.0]"
89,8.789299939559351,Medium,"(88.0, 91.0]"
77,21.136065774131144,Long,"(72.0, 77.0]"
67,2.313831093937943,Short,"(62.0, 72.0]"
66,2.202186541138209,Short,"(62.0, 72.0]"
98,5.791491841946118,Medium,"(96.0, 100.0]"
92,2.593236273079848,Short,"(91.0, 93.0]"
89,3.474930930601481,Short,"(88.0, 91.0]"
83,7.958073901311823,Medium,"(81.0, 85.0]"
75,13.103214310311111,Long,"(72.0, 77.0]"
75,9.2343461987409,Medium,"(72.0, 77.0]"
74,4.564088681505565,Medium,"(72.0, 77.0]"
79,1.635386691608368,Short,"(77.0, 81.0]"
66,7.230023662650743,Medium,"(62.0, 72.0]"
82,6.128064856128352,Medium,"(81.0, 85.0]"
58,1.3734348998612604,Short,"(10.999, 62.0]"
89,2.771675621037209,Short,"(88.0, 91.0]"
56,1.6007193284361896,Short,"(10.999, 62.0]"
93,7.149109966051024,Medium,"(91.0, 93.0]"
47,15.315030346177886,Long,"(10.999, 62.0]"
93,7.569713766047223,Medium,"(91.0, 93.0]"
82,1.7685553438239612,Short,"(81.0, 85.0]"
89,3.6680798219231856,Short,"(88.0, 91.0]"
71,11.214485432444643,Long,"(62.0, 72.0]"
91,4.499842553564392,Medium,"(88.0, 91.0]"
100,0.9798791592039828,Short,"(96.0, 100.0]"
65,1.843664561462228,Short,"(62.0, 72.0]"
93,7.253682427332118,Medium,"(91.0, 93.0]"
83,1.318908909352338,Short,"(81.0, 85.0]"
92,4.338909136652807,Short,"(91.0, 93.0]"
86,3.766875545151142,Short,"(85.0, 88.0]"
98,6.966698098251904,Medium,"(96.0, 100.0]"
98,6.117247158799763,Medium,"(96.0, 100.0]"
90,4.081238052224595,Short,"(88.0, 91.0]"
59,5.533476840841409,Medium,"(10.999, 62.0]"
85,37.79769683862818,Long,"(81.0, 85.0]"
67,0.8192399888945472,Short,"(62.0, 72.0]"
77,20.90752054042036,Long,"(72.0, 77.0]"
87,59.72976019596694,Long,"(85.0, 88.0]"
84,5.269078475631346,Medium,"(81.0, 85.0]"
70,3.7476450541717714,Short,"(62.0, 72.0]"
90,4.141155275797389,Short,"(88.0, 91.0]"
69,7.691365522489354,Medium,"(62.0, 72.0]"
80,2.7517675969656303,Short,"(77.0, 81.0]"
87,6.452068776829051,Medium,"(85.0, 88.0]"
51,2.113117699239853,Short,"(10.999, 62.0]"
86,4.412881401957557,Medium,"(85.0, 88.0]"
52,0.6779560081356253,Short,"(10.999, 62.0]"
100,8.273406759307356,Medium,"(96.0, 100.0]"
81,8.865400663776798,Medium,"(77.0, 81.0]"
92,4.267184962289173,Short,"(91.0, 93.0]"
87,8.868584048963351,Medium,"(85.0, 88.0]"
85,1.6886304185764434,Short,"(81.0, 85.0]"
71,41.29361977737224,Long,"(62.0, 72.0]"
94,8.81586618253196,Medium,"(93.0, 96.0]"
89,14.733386912432897,Long,"(88.0, 91.0]"
88,3.2817103996906525,Short,"(85.0, 88.0]"
71,6.1555814515617016,Medium,"(62.0, 72.0]"
94,2.485580421606916,Short,"(93.0, 96.0]"
87,2.8680074794101267,Short,"(85.0, 88.0]"
84,1.082875751602164,Short,"(81.0, 85.0]"
76,2.69150452328492,Short,"(72.0, 77.0]"
61,11.069183354999083,Long,"(10.999, 62.0]"
80,1.3897732481642742,Short,"(77.0, 81.0]"
85,11.962925149409008,Long,"(81.0, 85.0]"
97,4.6004950243556255,Medium,"(96.0, 100.0]"
96,1.3284726049688569,Short,"(93.0, 96.0]"
53,1.6933739092815248,Short,"(10.999, 62.0]"
89,6.087152285368983,Medium,"(88.0, 91.0]"
90,1.837841333011866,Short,"(88.0, 91.0]"
79,7.845511818942673,Medium,"(77.0, 81.0]"
91,2.9671380126113203,Short,"(88.0, 91.0]"
95,18.650094806529008,Long,"(93.0, 96.0]"
25,1.1578302864255443,Short,"(10.999, 62.0]"
80,1.102217235887383,Short,"(77.0, 81.0]"
86,9.430847817976847,Medium,"(85.0, 88.0]"
82,3.511245575779184,Short,"(81.0, 85.0]"
93,3.731710094144288,Short,"(91.0, 93.0]"
84,2.9416790482101822,Short,"(81.0, 85.0]"
70,3.281627291746506,Short,"(62.0, 72.0]"
85,1.3331959637848445,Short,"(81.0, 85.0]"
51,2.122494912582087,Short,"(10.999, 62.0]"
95,1.9613457118119384,Short,"(93.0, 96.0]"
90,4.767937651494179,Medium,"(88.0, 91.0]"
98,2.071326611078255,Short,"(96.0, 100.0]"
87,1.8973010379519115,Short,"(85.0, 88.0]"
54,0.8045601102659825,Short,"(10.999, 62.0]"
78,6.277106142414517,Medium,"(77.0, 81.0]"
58,9.75066144618542,Medium,"(10.999, 62.0]"
75,3.866109872579943,Short,"(72.0, 77.0]"
79,6.620098839383692,Medium,"(77.0, 81.0]"
95,3.6305644517099647,Short,"(93.0, 96.0]"
92,6.30918045112899,Medium,"(91.0, 93.0]"
94,2.884454204670071,Short,"(93.0, 96.0]"
91,7.263979319440968,Medium,"(88.0, 91.0]"
94,5.23063358629639,Medium,"(93.0, 96.0]"
83,15.121941903658618,Long,"(81.0, 85.0]"
97,10.709267200266146,Long,"(96.0, 100.0]"
97,22.899198444110745,Long,"(96.0, 100.0]"
74,7.568376324435929,Medium,"(72.0, 77.0]"
66,24.476678329900466,Long,"(62.0, 72.0]"
89,36.464209005006985,Long,"(88.0, 91.0]"
51,17.734904098734024,Long,"(10.999, 62.0]"
78,21.337095692495044,Long,"(77.0, 81.0]"
94,12.39071140707249,Long,"(93.0, 96.0]"
76,9.613570700274808,Medium,"(72.0, 77.0]"
88,18.57573295137028,Long,"(85.0, 88.0]"
86,85.41960491706307,Long,"(85.0, 88.0]"
91,40.77171704318191,Long,"(88.0, 91.0]"
98,8.635183318565998,Medium,"(96.0, 100.0]"
97,36.76470154540171,Long,"(96.0, 100.0]"
76,5.694623316030681,Medium,"(72.0, 77.0]"
80,17.97238271388152,Long,"(77.0, 81.0]"
90,2.923114750999736,Short,"(88.0, 91.0]"
57,17.596491244347778,Long,"(10.999, 62.0]"
91,17.893528957999578,Long,"(88.0, 91.0]"
64,20.076900060781632,Long,"(62.0, 72.0]"
98,2.339783382795594,Short,"(96.0, 100.0]"
85,3.294202673527737,Short,"(81.0, 85.0]"
93,19.640717962918703,Long,"(91.0, 93.0]"
81,8.289217378413545,Medium,"(77.0, 81.0]"
52,7.341805458780237,Medium,"(10.999, 62.0]"
97,2.189886931306963,Short,"(96.0, 100.0]"
66,18.261625558912787,Long,"(62.0, 72.0]"
81,26.44589686212208,Long,"(77.0, 81.0]"
93,3.857830038389943,Short,"(91.0, 93.0]"
87,1.9956875027904464,Short,"(85.0, 88.0]"
86,7.017822187752444,Medium,"(85.0, 88.0]"
74,11.448439488203675,Long,"(72.0, 77.0]"
68,27.231980923461883,Long,"(62.0, 72.0]"
74,31.60342787602721,Long,"(72.0, 77.0]"
87,7.912012452688401,Medium,"(85.0, 88.0]"
87,4.152315097743349,Short,"(85.0, 88.0]"
77,17.624067524882285,Long,"(72.0, 77.0]"
72,16.79592619082676,Long,"(62.0, 72.0]"
93,5.317939526297635,Medium,"(91.0, 93.0]"
98,4.072861351589005,Short,"(96.0, 100.0]"
55,63.45711110030624,Long,"(10.999, 62.0]"
24,3.033389442589824,Short,"(10.999, 62.0]"
92,11.872100547435483,Long,"(91.0, 93.0]"
77,7.01927402753153,Medium,"(72.0, 77.0]"
76,5.229673762101744,Medium,"(72.0, 77.0]"
84,10.891994725125729,Long,"(81.0, 85.0]"
85,9.290478868764191,Medium,"(81.0, 85.0]"
83,31.831256522648644,Long,"(81.0, 85.0]"
97,47.32413381771613,Long,"(96.0, 100.0]"
88,5.981693150570897,Medium,"(85.0, 88.0]"
68,8.410337305730208,Medium,"(62.0, 72.0]"
92,8.481408610028911,Medium,"(91.0, 93.0]"
87,18.70857822921001,Long,"(85.0, 88.0]"
94,3.2190117178611835,Short,"(93.0, 96.0]"
95,10.295448229090365,Long,"(93.0, 96.0]"
93,11.059660852944672,Long,"(91.0, 93.0]"
96,256.3350027720608,Long,"(93.0, 96.0]"
97,7.158457569592916,Medium,"(96.0, 100.0]"
89,8.13506057547006,Medium,"(88.0, 91.0]"
74,33.23014522628996,Long,"(72.0, 77.0]"
89,79.36725950738078,Long,"(88.0, 91.0]"
93,30.3497442517159,Long,"(91.0, 93.0]"
86,21.65903214357081,Long,"(85.0, 88.0]"
91,21.326345346674653,Long,"(88.0, 91.0]"
99,4.780094463438322,Medium,"(96.0, 100.0]"
91,12.498809626793388,Long,"(88.0, 91.0]"
96,9.537951392208566,Medium,"(93.0, 96.0]"
75,55.01663011678348,Long,"(72.0, 77.0]"
63,105.6310151724434,Long,"(62.0, 72.0]"
98,3.2116139517137414,Short,"(96.0, 100.0]"
98,7.261068882154135,Medium,"(96.0, 100.0]"
74,2.9773647230246736,Short,"(72.0, 77.0]"
98,4.091232841920956,Short,"(96.0, 100.0]"
88,24.686084918196155,Long,"(85.0, 88.0]"
92,20.590229748847623,Long,"(91.0, 93.0]"
44,0.0,Short,"(10.999, 62.0]"
83,22.98612604105317,Long,"(81.0, 85.0]"
80,10.662545091105516,Long,"(77.0, 81.0]"
89,21.32924236144096,Long,"(88.0, 91.0]"
85,11.999446787110118,Long,"(81.0, 85.0]"
89,4.557906694937509,Medium,"(88.0, 91.0]"
92,6.473380892880699,Medium,"(91.0, 93.0]"
91,12.28339307326484,Long,"(88.0, 91.0]"
88,11.12684600466776,Long,"(85.0, 88.0]"
86,7.841912941894338,Medium,"(85.0, 88.0]"
82,8.588419156625173,Medium,"(81.0, 85.0]"
86,10.27607539673983,Long,"(85.0, 88.0]"
93,5.627084715285352,Medium,"(91.0, 93.0]"
91,4.149034995582672,Short,"(88.0, 91.0]"
78,3.708556191014475,Short,"(77.0, 81.0]"
90,4.271517013003123,Short,"(88.0, 91.0]"
97,12.33557918373739,Long,"(96.0, 100.0]"
85,32.178361089119306,Long,"(81.0, 85.0]"
94,8.518788291074912,Medium,"(93.0, 96.0]"
97,14.709804691305951,Long,"(96.0, 100.0]"
88,3.3304745672878693,Short,"(85.0, 88.0]"
83,3.5893794482410684,Short,"(81.0, 85.0]"
97,13.767491551302214,Long,"(96.0, 100.0]"
83,6.800604003855153,Medium,"(81.0, 85.0]"
96,5.6746313405080935,Medium,"(93.0, 96.0]"
83,3.556692338780094,Short,"(81.0, 85.0]"
98,3.651904364361676,Short,"(96.0, 100.0]"
85,7.072853564425466,Medium,"(81.0, 85.0]"
93,3.030081530375901,Short,"(91.0, 93.0]"
33,46.92903887910011,Long,"(10.999, 62.0]"
85,36.13476474169297,Long,"(81.0, 85.0]"
90,4.770394285401785,Medium,"(88.0, 91.0]"
96,8.317685816929346,Medium,"(93.0, 96.0]"
98,2.006452454717227,Short,"(96.0, 100.0]"
88,11.116959666409018,Long,"(85.0, 88.0]"
75,8.091559584377128,Medium,"(72.0, 77.0]"
84,14.96428173825503,Long,"(81.0, 85.0]"
87,6.409328024387582,Medium,"(85.0, 88.0]"
74,23.442699513632128,Long,"(72.0, 77.0]"
97,18.643321811538684,Long,"(96.0, 100.0]"
85,24.487806291768475,Long,"(81.0, 85.0]"
82,51.034166549407374,Long,"(81.0, 85.0]"
85,11.810501362514172,Long,"(81.0, 85.0]"
95,12.432516197496774,Long,"(93.0, 96.0]"
92,5.428407888662228,Medium,"(91.0, 93.0]"
61,40.17846919733193,Long,"(10.999, 62.0]"
60,12.47894042688811,Long,"(10.999, 62.0]"
65,11.46851070052296,Long,"(62.0, 72.0]"
78,12.309219921885283,Long,"(77.0, 81.0]"
66,16.09604183194644,Long,"(62.0, 72.0]"
92,13.942909524853192,Long,"(91.0, 93.0]"
82,19.324987990798324,Long,"(81.0, 85.0]"
93,13.377384058933654,Long,"(91.0, 93.0]"
91,18.31690218752013,Long,"(88.0, 91.0]"
60,4.490614087649444,Medium,"(10.999, 62.0]"
79,13.129795146256964,Long,"(77.0, 81.0]"
65,40.09035924723011,Long,"(62.0, 72.0]"
86,3.760395364186901,Short,"(85.0, 88.0]"
76,25.63686490370842,Long,"(72.0, 77.0]"
99,10.328552351899267,Long,"(96.0, 100.0]"
72,14.996376394279752,Long,"(62.0, 72.0]"
92,2.6434286805013034,Short,"(91.0, 93.0]"
86,7.129803716146882,Medium,"(85.0, 88.0]"
85,6.164275466198359,Medium,"(81.0, 85.0]"
80,6.675683909404666,Medium,"(77.0, 81.0]"
88,22.701533084636345,Long,"(85.0, 88.0]"
98,3.76814716744285,Short,"(96.0, 100.0]"
66,5.166505747062647,Medium,"(62.0, 72.0]"
60,12.325651287457022,Long,"(10.999, 62.0]"
97,20.542735392217416,Long,"(96.0, 100.0]"
84,5.9371905550515685,Medium,"(81.0, 85.0]"
82,17.692649262011187,Long,"(81.0, 85.0]"
80,10.74006526210832,Long,"(77.0, 81.0]"
96,1.679108723483934,Short,"(93.0, 96.0]"
69,5.261923537851022,Medium,"(62.0, 72.0]"
87,22.85835077991378,Long,"(85.0, 88.0]"
52,8.18082594869134,Medium,"(10.999, 62.0]"
83,7.231949832167666,Medium,"(81.0, 85.0]"
97,4.186376780152751,Short,"(96.0, 100.0]"
96,11.174563857548948,Long,"(93.0, 96.0]"
33,8.080317945857818,Medium,"(10.999, 62.0]"
95,2.8443771540274825,Short,"(93.0, 96.0]"
95,6.60034270025886,Medium,"(93.0, 96.0]"
80,12.638898749100711,Long,"(77.0, 81.0]"
88,5.7234479424214015,Medium,"(85.0, 88.0]"
86,0.9864579579325782,Short,"(85.0, 88.0]"
84,8.358782444731016,Medium,"(81.0, 85.0]"
74,10.179553939681757,Medium,"(72.0, 77.0]"
96,3.8171493812781394,Short,"(93.0, 96.0]"
91,6.086680921848769,Medium,"(88.0, 91.0]"
72,2.5738297964679915,Short,"(62.0, 72.0]"
91,14.72206964107766,Long,"(88.0, 91.0]"
76,43.28639704487596,Long,"(72.0, 77.0]"
96,13.160084375258686,Long,"(93.0, 96.0]"
96,15.884763355350692,Long,"(93.0, 96.0]"
45,3.5028611346440464,Short,"(10.999, 62.0]"
77,4.66734514818441,Medium,"(72.0, 77.0]"
80,14.706945589014907,Long,"(77.0, 81.0]"
82,5.13330423733239,Medium,"(81.0, 85.0]"
55,43.82106499089426,Long,"(10.999, 62.0]"
92,24.669839632030605,Long,"(91.0, 93.0]"
53,3.7906067463564392,Short,"(10.999, 62.0]"
78,9.22208996429652,Medium,"(77.0, 81.0]"
86,26.52511977011552,Long,"(85.0, 88.0]"
76,3.783498398295651,Short,"(72.0, 77.0]"
52,29.116687826484263,Long,"(10.999, 62.0]"
85,1.803159642267536,Short,"(81.0, 85.0]"
97,6.909824832526566,Medium,"(96.0, 100.0]"
78,7.776756483905562,Medium,"(77.0, 81.0]"
99,14.51670755792052,Long,"(96.0, 100.0]"
79,11.798358652481376,Long,"(77.0, 81.0]"
70,1.253684919186634,Short,"(62.0, 72.0]"
89,4.777122589943246,Medium,"(88.0, 91.0]"
89,11.292738471310066,Long,"(88.0, 91.0]"
86,6.249774400407087,Medium,"(85.0, 88.0]"
89,8.985764778175827,Medium,"(88.0, 91.0]"
84,5.51790199892241,Medium,"(81.0, 85.0]"
86,7.376180049745447,Medium,"(85.0, 88.0]"
80,11.294433700423134,Long,"(77.0, 81.0]"
80,18.18104801253864,Long,"(77.0, 81.0]"
75,56.864651920884434,Long,"(72.0, 77.0]"
75,24.13013396183912,Long,"(72.0, 77.0]"
88,14.780196821244653,Long,"(85.0, 88.0]"
95,2.329047690339736,Short,"(93.0, 96.0]"
87,9.62940872357666,Medium,"(85.0, 88.0]"
73,11.480690698372614,Long,"(72.0, 77.0]"
96,12.38599020840312,Long,"(93.0, 96.0]"
93,3.4102798584792144,Short,"(91.0, 93.0]"
90,4.710997589917462,Medium,"(88.0, 91.0]"
92,7.473760984153682,Medium,"(91.0, 93.0]"
89,10.260957164525532,Medium,"(88.0, 91.0]"
74,27.94245613578306,Long,"(72.0, 77.0]"
83,6.621443293132326,Medium,"(81.0, 85.0]"
78,8.54822977632938,Medium,"(77.0, 81.0]"
98,7.463627015339362,Medium,"(96.0, 100.0]"
91,22.97850275057128,Long,"(88.0, 91.0]"
89,8.334240655135321,Medium,"(88.0, 91.0]"
80,42.1769780679866,Long,"(77.0, 81.0]"
85,5.791556271643747,Medium,"(81.0, 85.0]"
73,23.34107405843711,Long,"(72.0, 77.0]"
94,2.7145806764945544,Short,"(93.0, 96.0]"
92,13.097029411695926,Long,"(91.0, 93.0]"
81,11.639992881791208,Long,"(77.0, 81.0]"
87,8.399051408132877,Medium,"(85.0, 88.0]"
92,6.52036594813416,Medium,"(91.0, 93.0]"
82,6.805622153637477,Medium,"(81.0, 85.0]"
91,5.104839946954534,Medium,"(88.0, 91.0]"
77,2.4595185609427723,Short,"(72.0, 77.0]"
95,30.295830170722663,Long,"(93.0, 96.0]"
76,14.715389523377375,Long,"(72.0, 77.0]"
92,8.01276168996395,Medium,"(91.0, 93.0]"
79,61.80570131947321,Long,"(77.0, 81.0]"
71,27.80376143819145,Long,"(62.0, 72.0]"
93,11.198090277602097,Long,"(91.0, 93.0]"
90,13.233308403295124,Long,"(88.0, 91.0]"
97,4.930358135271555,Medium,"(96.0, 100.0]"
83,4.023750790547608,Short,"(81.0, 85.0]"
97,10.02888096448273,Medium,"(96.0, 100.0]"
98,18.018266950413388,Long,"(96.0, 100.0]"
94,17.46639916897099,Long,"(93.0, 96.0]"
83,10.275375648935109,Medium,"(81.0, 85.0]"
68,10.789308195923498,Long,"(62.0, 72.0]"
88,4.945140092145561,Medium,"(85.0, 88.0]"
93,7.333360562268755,Medium,"(91.0, 93.0]"
94,10.238644949560896,Medium,"(93.0, 96.0]"
72,4.02736735920015,Short,"(62.0, 72.0]"
80,122.75703853781792,Long,"(77.0, 81.0]"
78,10.567625186740496,Long,"(77.0, 81.0]"
87,15.353030320444184,Long,"(85.0, 88.0]"
96,8.817770568327841,Medium,"(93.0, 96.0]"
97,5.603960071763862,Medium,"(96.0, 100.0]"
77,5.897411388827951,Medium,"(72.0, 77.0]"
85,14.541935899621803,Long,"(81.0, 85.0]"
79,6.166170872664671,Medium,"(77.0, 81.0]"
71,5.463667928003807,Medium,"(62.0, 72.0]"
93,3.835195609566381,Short,"(91.0, 93.0]"
82,5.644090790477779,Medium,"(81.0, 85.0]"
91,13.046670351591878,Long,"(88.0, 91.0]"
99,3.3707920864324303,Short,"(96.0, 100.0]"
75,10.739834315403728,Long,"(72.0, 77.0]"
78,3.571453533283467,Short,"(77.0, 81.0]"
58,18.441622190968985,Long,"(10.999, 62.0]"
97,6.69160734978218,Medium,"(96.0, 100.0]"
62,6.531416022391941,Medium,"(10.999, 62.0]"
90,19.791110214266443,Long,"(88.0, 91.0]"
62,10.927570712807812,Long,"(10.999, 62.0]"
95,23.28082226944025,Long,"(93.0, 96.0]"
84,9.48568392777418,Medium,"(81.0, 85.0]"
55,23.564467837801327,Long,"(10.999, 62.0]"
85,4.042430898585165,Short,"(81.0, 85.0]"
78,17.039335573177947,Long,"(77.0, 81.0]"
56,20.283770415253127,Long,"(10.999, 62.0]"
82,60.02804119836794,Long,"(81.0, 85.0]"
94,1.3669062849562543,Short,"(93.0, 96.0]"
77,31.74362012573788,Long,"(72.0, 77.0]"
81,8.127703594245002,Medium,"(77.0, 81.0]"
65,4.631982260827467,Medium,"(62.0, 72.0]"
85,26.142053584290064,Long,"(81.0, 85.0]"
70,49.44438001420057,Long,"(62.0, 72.0]"
82,5.862918939678536,Medium,"(81.0, 85.0]"
77,15.218051665922731,Long,"(72.0, 77.0]"
95,8.943197928709889,Medium,"(93.0, 96.0]"
92,8.77890297251394,Medium,"(91.0, 93.0]"
65,8.71751675590061,Medium,"(62.0, 72.0]"
82,4.689085364892894,Medium,"(81.0, 85.0]"
91,13.6652980123679,Long,"(88.0, 91.0]"
79,14.836618388852264,Long,"(77.0, 81.0]"
87,33.5026854448185,Long,"(85.0, 88.0]"
82,5.261912776052523,Medium,"(81.0, 85.0]"
95,5.463457597179698,Medium,"(93.0, 96.0]"
92,10.816936790814603,Long,"(91.0, 93.0]"
87,3.3555247951829443,Short,"(85.0, 88.0]"
96,8.826653736954144,Medium,"(93.0, 96.0]"
54,17.057238219828335,Long,"(10.999, 62.0]"
76,11.705099196192378,Long,"(72.0, 77.0]"
82,5.795633305036823,Medium,"(81.0, 85.0]"
97,8.571670578322678,Medium,"(96.0, 100.0]"
92,12.83074271799272,Long,"(91.0, 93.0]"
95,5.995546638251118,Medium,"(93.0, 96.0]"
91,39.89461498709381,Long,"(88.0, 91.0]"
100,39.46176078042124,Long,"(96.0, 100.0]"
94,1.331909162554531,Short,"(93.0, 96.0]"
50,8.587601388172795,Medium,"(10.999, 62.0]"
72,1.939318005493168,Short,"(62.0, 72.0]"
65,7.81314752428626,Medium,"(62.0, 72.0]"
90,11.984054149778297,Long,"(88.0, 91.0]"
86,1.732537658664651,Short,"(85.0, 88.0]"
92,4.877388018812072,Medium,"(91.0, 93.0]"
84,7.034563470064829,Medium,"(81.0, 85.0]"
90,4.888716221882648,Medium,"(88.0, 91.0]"
85,4.866904160347173,Medium,"(81.0, 85.0]"
84,14.25436172637584,Long,"(81.0, 85.0]"
68,6.532271264036645,Medium,"(62.0, 72.0]"
81,1.757281516373071,Short,"(77.0, 81.0]"
86,9.27115182143235,Medium,"(85.0, 88.0]"
73,24.327025528214605,Long,"(72.0, 77.0]"
89,12.996371134038808,Long,"(88.0, 91.0]"
96,20.065040850375343,Long,"(93.0, 96.0]"
71,39.2059601690564,Long,"(62.0, 72.0]"
94,41.84076108534572,Long,"(93.0, 96.0]"
86,17.34120548403574,Long,"(85.0, 88.0]"
55,49.8702302718194,Long,"(10.999, 62.0]"
86,51.95523761434153,Long,"(85.0, 88.0]"
89,85.91358519475969,Long,"(88.0, 91.0]"
88,16.702169048666715,Long,"(85.0, 88.0]"
87,37.76789566288458,Long,"(85.0, 88.0]"
92,26.17833373173042,Long,"(91.0, 93.0]"
90,53.90617871692726,Long,"(88.0, 91.0]"
71,60.82372173009936,Long,"(62.0, 72.0]"
95,35.384946285028754,Long,"(93.0, 96.0]"
72,42.261045196968674,Long,"(62.0, 72.0]"
67,31.906496989180315,Long,"(62.0, 72.0]"
97,19.72078698069728,Long,"(96.0, 100.0]"
94,24.44136754786277,Long,"(93.0, 96.0]"
94,18.640685149153384,Long,"(93.0, 96.0]"
91,47.24976034274703,Long,"(88.0, 91.0]"
97,28.17299459798124,Long,"(96.0, 100.0]"
91,38.898038241940334,Long,"(88.0, 91.0]"
97,32.72552809973843,Long,"(96.0, 100.0]"
92,34.07567413063779,Long,"(91.0, 93.0]"
74,8.028879614183062,Medium,"(72.0, 77.0]"
89,4.298188585202378,Short,"(88.0, 91.0]"
79,296.3328524525871,Long,"(77.0, 81.0]"
82,28.25157586674716,Long,"(81.0, 85.0]"
63,25.24621722157666,Long,"(62.0, 72.0]"
47,9.623975638287607,Medium,"(10.999, 62.0]"
64,26.825273305586048,Long,"(62.0, 72.0]"
73,13.86405299768773,Long,"(72.0, 77.0]"
86,21.29562386113439,Long,"(85.0, 88.0]"
96,18.452732943062458,Long,"(93.0, 96.0]"
86,10.92605713675568,Long,"(85.0, 88.0]"
48,33.54434298588976,Long,"(10.999, 62.0]"
72,15.856901582942724,Long,"(62.0, 72.0]"
95,8.945764643641505,Medium,"(93.0, 96.0]"
93,91.46189909283493,Long,"(91.0, 93.0]"
82,31.07835947660008,Long,"(81.0, 85.0]"
73,14.494431536608284,Long,"(72.0, 77.0]"
74,31.97402719520565,Long,"(72.0, 77.0]"
88,11.891151791901212,Long,"(85.0, 88.0]"
81,14.733899002290528,Long,"(77.0, 81.0]"
82,30.16099467784799,Long,"(81.0, 85.0]"
